bssid_a,bssid_b,r
ac:2a:a1:7e:df:61,ac:2a:a1:7e:df:68,0.965
ac:2a:a1:7e:df:61,ac:2a:a1:7e:df:67,0.979
ac:2a:a1:7e:df:61,ac:2a:a1:7e:df:62,0.968
ac:2a:a1:7e:df:68,ac:2a:a1:7e:df:67,0.983
ac:2a:a1:7e:df:68,ac:2a:a1:7e:df:62,0.953
ac:2a:a1:7e:df:68,ac:2a:a1:7e:df:6e,0.919
ac:2a:a1:7e:df:68,ac:2a:a1:7e:df:6d,0.911
ac:2a:a1:7e:df:67,ac:2a:a1:7e:df:62,0.973
e4:aa:5d:bf:25:58,e4:aa:5d:bf:25:51,0.95
e4:aa:5d:bf:25:58,e4:aa:5d:bf:25:52,0.951
e4:aa:5d:bf:25:58,e4:aa:5d:fd:3e:e7,0.919
e4:aa:5d:bf:25:58,e4:aa:5d:bf:25:57,0.979
e4:aa:5d:bf:25:58,e4:aa:5d:fd:3e:e8,0.925
e4:aa:5d:bf:25:58,e4:aa:5d:fd:3e:e2,0.916
e4:aa:5d:bf:25:58,e4:aa:5d:fd:3e:e1,0.911
e4:aa:5d:bf:25:58,e4:aa:5d:bf:25:5a,0.97
e4:aa:5d:bf:25:58,e4:aa:5d:bf:25:5e,0.967
e4:aa:5d:bf:25:58,e4:aa:5d:bf:25:55,0.955
e4:aa:5d:bf:25:58,e4:aa:5d:bf:25:5d,0.961
e4:aa:5d:bf:25:51,e4:aa:5d:bf:25:52,0.991
e4:aa:5d:bf:25:51,e4:aa:5d:fd:3e:e7,0.913
e4:aa:5d:bf:25:51,e4:aa:5d:bf:25:57,0.974
e4:aa:5d:bf:25:51,e4:aa:5d:fd:3e:e8,0.917
e4:aa:5d:bf:25:51,e4:aa:5d:fd:3e:e2,0.91
e4:aa:5d:bf:25:51,e4:aa:5d:fd:3e:e1,0.902
e4:aa:5d:bf:25:51,e4:aa:5d:bf:25:5a,0.905
e4:aa:5d:bf:25:51,e4:aa:5d:bf:25:5e,0.901
e4:aa:5d:bf:25:51,e4:aa:5d:bf:25:55,0.901
e4:aa:5d:bf:25:52,e4:aa:5d:fd:3e:e7,0.911
e4:aa:5d:bf:25:52,e4:aa:5d:bf:25:57,0.972
e4:aa:5d:bf:25:52,e4:aa:5d:fd:3e:e8,0.915
e4:aa:5d:bf:25:52,e4:aa:5d:fd:3e:e2,0.907
e4:aa:5d:bf:25:52,e4:aa:5d:fd:3e:e1,0.901
e4:aa:5d:bf:25:52,e4:aa:5d:bf:25:5a,0.906
e4:aa:5d:bf:25:52,e4:aa:5d:bf:25:5e,0.902
e4:aa:5d:bf:25:52,e4:aa:5d:bf:25:55,0.907
e4:aa:5d:fd:3e:e7,e4:aa:5d:bf:25:57,0.937
e4:aa:5d:fd:3e:e7,e4:aa:5d:fd:3e:e8,0.979
e4:aa:5d:fd:3e:e7,e4:aa:5d:fd:3e:e2,0.977
e4:aa:5d:fd:3e:e7,e4:aa:5d:fd:3e:ea,0.93
e4:aa:5d:fd:3e:e7,e4:aa:5d:fd:3e:e1,0.979
e4:aa:5d:fd:3e:e7,e4:aa:5d:bf:25:5a,0.907
e4:aa:5d:fd:3e:e7,e4:aa:5d:bf:25:5e,0.901
e4:aa:5d:fd:3e:e7,e4:aa:5d:fd:3e:e5,0.917
f8:6b:d9:01:93:68,f8:6b:d9:01:93:67,0.985
f8:6b:d9:01:93:68,f8:6b:d9:01:93:6a,0.969
f8:6b:d9:01:93:68,f8:6b:d9:01:93:62,0.948
f8:6b:d9:01:93:68,f8:6b:d9:01:93:6e,0.986
f8:6b:d9:01:93:68,f8:6b:d9:01:93:61,0.94
f8:6b:d9:01:93:68,f8:6b:d9:01:93:6d,0.982
f8:6b:d9:01:93:68,f8:6b:d9:01:93:65,0.925
e4:aa:5d:bf:25:57,e4:aa:5d:fd:3e:e8,0.944
e4:aa:5d:bf:25:57,e4:aa:5d:fd:3e:e2,0.935
e4:aa:5d:bf:25:57,e4:aa:5d:fd:3e:e1,0.929
e4:aa:5d:bf:25:57,e4:aa:5d:bf:25:5a,0.96
e4:aa:5d:bf:25:57,e4:aa:5d:bf:25:5e,0.956
e4:aa:5d:bf:25:57,e4:aa:5d:bf:25:55,0.938
e4:aa:5d:bf:25:57,e4:aa:5d:bf:25:5d,0.948
e4:aa:5d:fd:3e:e8,e4:aa:5d:fd:3e:e2,0.977
e4:aa:5d:fd:3e:e8,e4:aa:5d:fd:3e:ea,0.928
e4:aa:5d:fd:3e:e8,e4:aa:5d:fd:3e:e1,0.972
e4:aa:5d:fd:3e:e8,e4:aa:5d:bf:25:5a,0.916
e4:aa:5d:fd:3e:e8,e4:aa:5d:bf:25:5e,0.908
e4:aa:5d:fd:3e:e8,e4:aa:5d:fd:3e:e5,0.922
e4:aa:5d:fd:3e:e2,e4:aa:5d:fd:3e:ea,0.936
e4:aa:5d:fd:3e:e2,e4:aa:5d:fd:3e:e1,0.983
e4:aa:5d:fd:3e:e2,e4:aa:5d:bf:25:5a,0.906
e4:aa:5d:fd:3e:e2,e4:aa:5d:bf:25:5e,0.901
f8:6b:d9:01:93:67,f8:6b:d9:01:93:6a,0.969
f8:6b:d9:01:93:67,f8:6b:d9:01:93:62,0.964
f8:6b:d9:01:93:67,f8:6b:d9:01:93:6e,0.966
f8:6b:d9:01:93:67,f8:6b:d9:01:93:61,0.953
f8:6b:d9:01:93:67,f8:6b:d9:01:93:6d,0.958
f8:6b:d9:01:93:67,f8:6b:d9:01:93:65,0.918
e4:aa:5d:fd:3e:ea,e4:aa:5d:fd:3e:e1,0.933
e4:aa:5d:fd:3e:e1,e4:aa:5d:bf:25:5a,0.905
f8:6b:d9:01:93:6a,f8:6b:d9:01:93:62,0.941
f8:6b:d9:01:93:6a,f8:6b:d9:01:93:6e,0.96
f8:6b:d9:01:93:6a,f8:6b:d9:01:93:61,0.936
f8:6b:d9:01:93:6a,f8:6b:d9:01:93:6d,0.954
f8:6b:d9:01:93:62,f8:6b:d9:01:93:6e,0.925
f8:6b:d9:01:93:62,f8:6b:d9:01:93:61,0.976
f8:6b:d9:01:93:62,f8:6b:d9:01:93:6d,0.928
e4:aa:5d:bf:25:5a,e4:aa:5d:bf:25:5e,0.989
e4:aa:5d:bf:25:5a,e4:aa:5d:bf:25:55,0.962
e4:aa:5d:bf:25:5a,e4:aa:5d:bf:25:5d,0.989
e4:aa:5d:bf:25:5e,e4:aa:5d:bf:25:55,0.969
e4:aa:5d:bf:25:5e,e4:aa:5d:bf:25:5d,0.987
e4:aa:5d:bf:25:55,e4:aa:5d:bf:25:5d,0.969
f8:6b:d9:01:93:6e,f8:6b:d9:01:93:61,0.919
f8:6b:d9:01:93:6e,f8:6b:d9:01:93:6d,0.995
f8:6b:d9:01:93:6e,f8:6b:d9:01:93:65,0.922
f8:6b:d9:01:8e:e8,f8:6b:d9:01:8e:e1,0.936
f8:6b:d9:01:8e:e8,f8:6b:d9:01:8e:e7,0.978
f8:6b:d9:01:8e:e8,f8:6b:d9:01:8e:e2,0.933
f8:6b:d9:01:8e:e8,f8:6b:d9:01:8e:ea,0.943
f8:6b:d9:01:8e:e8,f8:6b:d9:01:8e:ed,0.941
f8:6b:d9:01:8e:e8,f8:6b:d9:01:8e:ee,0.941
f8:6b:d9:01:8e:e8,f8:6b:d9:01:8e:e5,0.91
f8:6b:d9:01:93:61,f8:6b:d9:01:93:6d,0.923
f8:6b:d9:01:93:6d,f8:6b:d9:01:93:65,0.916
f8:6b:d9:01:8e:e1,f8:6b:d9:01:8e:e7,0.937
f8:6b:d9:01:8e:e1,f8:6b:d9:01:8e:e2,0.976
ac:2a:a1:7e:df:6e,ac:2a:a1:7e:df:6d,0.979
f8:6b:d9:01:8e:e7,f8:6b:d9:01:8e:e2,0.951
f8:6b:d9:01:8e:e7,f8:6b:d9:01:8e:ea,0.944
f8:6b:d9:01:8e:e7,f8:6b:d9:01:8e:ed,0.918
f8:6b:d9:01:8e:e7,f8:6b:d9:01:8e:ee,0.918
f8:6b:d9:01:8e:e2,f8:6b:d9:01:8e:ea,0.905
f8:6b:d9:01:8e:ea,f8:6b:d9:01:8e:ed,0.911
f8:6b:d9:01:8e:ea,f8:6b:d9:01:8e:ee,0.911
f8:6b:d9:95:d8:81,f8:6b:d9:95:d8:82,0.989
f8:6b:d9:95:d8:81,f8:6b:d9:95:d8:85,0.943
f8:6b:d9:95:d8:81,f8:6b:d9:95:d8:87,0.967
f8:6b:d9:95:d8:81,f8:6b:d9:95:d8:88,0.948
f8:6b:d9:95:d8:81,f8:6b:d9:95:d8:8a,0.935
f8:6b:d9:95:d8:81,f8:6b:d9:95:d8:8e,0.908
f8:6b:d9:95:d8:81,f8:6b:d9:95:d8:8d,0.907
f8:6b:d9:01:8e:ed,f8:6b:d9:01:8e:ee,0.998
f8:6b:d9:95:d8:82,f8:6b:d9:95:d8:85,0.937
f8:6b:d9:95:d8:82,f8:6b:d9:95:d8:87,0.967
f8:6b:d9:95:d8:82,f8:6b:d9:95:d8:88,0.945
f8:6b:d9:95:d8:82,f8:6b:d9:95:d8:8a,0.921
f8:6b:d9:95:d8:82,f8:6b:d9:95:d8:8e,0.902
f8:6b:d9:95:d8:82,f8:6b:d9:95:d8:8d,0.901
f8:6b:d9:01:85:27,f8:6b:d9:01:85:21,0.945
f8:6b:d9:01:85:27,f8:6b:d9:01:85:28,0.993
f8:6b:d9:01:85:27,f8:6b:d9:01:85:22,0.909
f8:6b:d9:01:85:27,f8:6b:d9:01:85:25,0.966
f8:6b:d9:01:85:27,f8:6b:d9:01:85:2e,0.964
f8:6b:d9:01:85:27,f8:6b:d9:01:85:2d,0.963
f8:6b:d9:01:85:27,f8:6b:d9:01:85:2a,0.909
f8:6b:d9:01:85:21,f8:6b:d9:01:85:28,0.933
f8:6b:d9:01:85:21,f8:6b:d9:01:85:22,0.964
f8:6b:d9:01:85:21,f8:6b:d9:01:85:25,0.911
f8:6b:d9:01:85:21,f8:6b:d9:01:85:2e,0.902
f8:6b:d9:01:85:21,f8:6b:d9:01:85:2d,0.902
f8:6b:d9:01:85:21,f8:6b:d9:01:85:2a,0.904
f8:6b:d9:01:85:28,f8:6b:d9:01:85:25,0.975
f8:6b:d9:01:85:28,f8:6b:d9:01:85:2e,0.98
f8:6b:d9:01:85:28,f8:6b:d9:01:85:2d,0.98
f8:6b:d9:01:85:28,f8:6b:d9:01:85:2a,0.918
f8:6b:d9:95:d8:85,f8:6b:d9:95:d8:87,0.97
f8:6b:d9:95:d8:85,f8:6b:d9:95:d8:88,0.968
f8:6b:d9:95:d8:85,f8:6b:d9:95:d8:8a,0.941
f8:6b:d9:95:d8:85,f8:6b:d9:95:d8:8e,0.948
f8:6b:d9:95:d8:85,f8:6b:d9:95:d8:8d,0.949
f8:6b:d9:95:d8:87,f8:6b:d9:95:d8:88,0.982
f8:6b:d9:95:d8:87,f8:6b:d9:95:d8:8a,0.941
f8:6b:d9:95:d8:87,f8:6b:d9:95:d8:8e,0.942
f8:6b:d9:95:d8:87,f8:6b:d9:95:d8:8d,0.942
f8:6b:d9:01:85:22,f8:6b:d9:01:85:2a,0.903
f8:6b:d9:01:85:25,f8:6b:d9:01:85:2e,0.977
f8:6b:d9:01:85:25,f8:6b:d9:01:85:2d,0.978
f8:6b:d9:01:85:25,f8:6b:d9:01:85:2a,0.901
f8:6b:d9:01:85:2e,f8:6b:d9:01:85:2d,0.999
f8:6b:d9:01:85:2e,f8:6b:d9:01:85:2a,0.915
f8:6b:d9:01:85:2d,f8:6b:d9:01:85:2a,0.914
f8:6b:d9:95:d8:88,f8:6b:d9:95:d8:8a,0.946
f8:6b:d9:95:d8:88,f8:6b:d9:95:d8:8e,0.967
f8:6b:d9:95:d8:88,f8:6b:d9:95:d8:8d,0.967
f8:6b:d9:95:d8:8a,f8:6b:d9:95:d8:8e,0.926
f8:6b:d9:95:d8:8a,f8:6b:d9:95:d8:8d,0.926
84:b2:61:08:fc:c8,84:b2:61:08:fc:c1,0.97
84:b2:61:08:fc:c8,84:b2:61:08:fc:cd,0.992
84:b2:61:08:fc:c8,84:b2:61:08:fc:c7,0.992
84:b2:61:08:fc:c8,84:b2:61:08:fc:ce,0.991
84:b2:61:08:fc:c8,84:b2:61:08:fc:c2,0.969
84:b2:61:08:fc:c8,84:b2:61:08:fc:c5,0.943
84:b2:61:08:fc:c8,84:b2:61:08:fc:ca,0.926
84:b2:61:08:fc:c1,84:b2:61:08:fc:cd,0.948
84:b2:61:08:fc:c1,84:b2:61:08:fc:c7,0.987
84:b2:61:08:fc:c1,84:b2:61:08:fc:ce,0.947
84:b2:61:08:fc:c1,84:b2:61:08:fc:c2,0.996
84:b2:61:08:fc:c1,84:b2:61:08:fc:c5,0.91
84:b2:61:08:fc:c1,84:b2:61:08:fc:ca,0.919
84:b2:61:08:fc:cd,84:b2:61:08:fc:c7,0.982
84:b2:61:08:fc:cd,84:b2:61:08:fc:ce,1.0
84:b2:61:08:fc:cd,84:b2:61:08:fc:c2,0.946
84:b2:61:08:fc:cd,84:b2:61:08:fc:c5,0.943
84:b2:61:08:fc:cd,84:b2:61:08:fc:ca,0.914
84:b2:61:08:fc:c7,84:b2:61:08:fc:ce,0.982
84:b2:61:08:fc:c7,f8:6b:d9:5e:10:c7,0.901
84:b2:61:08:fc:c7,84:b2:61:08:fc:c2,0.986
84:b2:61:08:fc:c7,84:b2:61:08:fc:c5,0.937
84:b2:61:08:fc:c7,84:b2:61:08:fc:ca,0.929
84:b2:61:08:fc:ce,84:b2:61:08:fc:c2,0.946
84:b2:61:08:fc:ce,84:b2:61:08:fc:c5,0.943
84:b2:61:08:fc:ce,84:b2:61:08:fc:ca,0.913
f8:6b:d9:5e:10:c7,f8:6b:d9:5e:10:c8,0.994
f8:6b:d9:5e:10:c7,f8:6b:d9:5e:10:ce,0.988
f8:6b:d9:5e:10:c7,f8:6b:d9:5e:10:cd,0.987
f8:6b:d9:5e:10:c7,f8:6b:d9:5e:10:ca,0.986
f8:6b:d9:5e:10:c7,f8:6b:d9:5e:10:c5,0.982
f8:6b:d9:5e:10:c7,f8:6b:d9:5e:10:c2,0.941
f8:6b:d9:5e:10:c7,f8:6b:d9:5e:10:c1,0.937
84:b2:61:08:fc:c2,84:b2:61:08:fc:c5,0.91
84:b2:61:08:fc:c2,84:b2:61:08:fc:ca,0.914
f8:6b:d9:5e:10:c8,f8:6b:d9:5e:10:ce,0.993
f8:6b:d9:5e:10:c8,f8:6b:d9:5e:10:cd,0.993
f8:6b:d9:5e:10:c8,f8:6b:d9:5e:10:ca,0.981
f8:6b:d9:5e:10:c8,f8:6b:d9:5e:10:c5,0.985
f8:6b:d9:5e:10:c8,f8:6b:d9:5e:10:c2,0.932
f8:6b:d9:5e:10:c8,f8:6b:d9:5e:10:c1,0.928
f8:6b:d9:5e:10:ce,f8:6b:d9:5e:10:cd,1.0
f8:6b:d9:5e:10:ce,f8:6b:d9:5e:10:ca,0.973
f8:6b:d9:5e:10:ce,f8:6b:d9:5e:10:c5,0.978
f8:6b:d9:5e:10:ce,f8:6b:d9:5e:10:c2,0.923
f8:6b:d9:5e:10:ce,f8:6b:d9:5e:10:c1,0.919
f8:6b:d9:5e:10:cd,f8:6b:d9:5e:10:ca,0.972
f8:6b:d9:5e:10:cd,f8:6b:d9:5e:10:c5,0.978
f8:6b:d9:5e:10:cd,f8:6b:d9:5e:10:c2,0.922
f8:6b:d9:5e:10:cd,f8:6b:d9:5e:10:c1,0.917
f8:6b:d9:95:d8:8e,f8:6b:d9:95:d8:8d,1.0
f8:6b:d9:5e:10:ca,f8:6b:d9:5e:10:c5,0.974
f8:6b:d9:5e:10:ca,f8:6b:d9:5e:10:c2,0.935
f8:6b:d9:5e:10:ca,f8:6b:d9:5e:10:c1,0.932
f8:6b:d9:5e:10:c5,f8:6b:d9:5e:10:c2,0.931
f8:6b:d9:5e:10:c5,f8:6b:d9:5e:10:c1,0.926
70:61:7b:e9:ac:27,70:61:7b:e9:ac:28,0.993
70:61:7b:e9:ac:27,70:61:7b:e9:ac:21,0.992
70:61:7b:e9:ac:27,70:61:7b:e9:ac:2d,0.986
70:61:7b:e9:ac:27,70:61:7b:e9:ac:25,0.985
70:61:7b:e9:ac:27,70:61:7b:e9:ac:2a,0.987
70:61:7b:e9:ac:27,70:61:7b:e9:ac:2e,0.986
70:61:7b:e9:ac:27,70:61:7b:e9:ac:22,0.986
70:61:7b:e9:ac:28,70:61:7b:e9:ac:21,0.984
70:61:7b:e9:ac:28,70:61:7b:e9:ac:2d,0.993
70:61:7b:e9:ac:28,70:61:7b:e9:ac:25,0.99
70:61:7b:e9:ac:28,70:61:7b:e9:ac:2a,0.988
70:61:7b:e9:ac:28,70:61:7b:e9:ac:2e,0.993
70:61:7b:e9:ac:28,70:61:7b:e9:ac:22,0.984
70:61:7b:e9:ac:21,70:61:7b:e9:ac:2d,0.972
70:61:7b:e9:ac:21,70:61:7b:e9:ac:25,0.973
70:61:7b:e9:ac:21,70:61:7b:e9:ac:2a,0.982
70:61:7b:e9:ac:21,70:61:7b:e9:ac:2e,0.972
70:61:7b:e9:ac:21,70:61:7b:e9:ac:22,0.991
70:61:7b:e9:ac:2d,70:61:7b:e9:ac:25,0.994
70:61:7b:e9:ac:2d,70:61:7b:e9:ac:2a,0.983
70:61:7b:e9:ac:2d,70:61:7b:e9:ac:2e,0.999
70:61:7b:e9:ac:2d,70:61:7b:e9:ac:22,0.971
70:61:7b:e9:ac:25,70:61:7b:e9:ac:2a,0.984
70:61:7b:e9:ac:25,70:61:7b:e9:ac:2e,0.993
70:61:7b:e9:ac:25,70:61:7b:e9:ac:22,0.973
70:61:7b:e9:ac:2a,70:61:7b:e9:ac:2e,0.984
70:61:7b:e9:ac:2a,70:61:7b:e9:ac:22,0.982
70:61:7b:e9:ac:2e,70:61:7b:e9:ac:22,0.973
f8:6b:d9:5e:10:c2,f8:6b:d9:5e:10:c1,0.981
f8:6b:d9:5e:10:c2,84:b2:61:1f:b5:37,0.922
f8:6b:d9:5e:10:c2,84:b2:61:1f:b5:32,0.912
f8:6b:d9:5e:10:c2,84:b2:61:1f:b5:38,0.917
f8:6b:d9:5e:10:c1,84:b2:61:1f:b5:37,0.933
f8:6b:d9:5e:10:c1,84:b2:61:1f:b5:32,0.923
f8:6b:d9:5e:10:c1,84:b2:61:1f:b5:38,0.928
84:b2:61:1f:b5:37,84:b2:61:1f:b5:31,0.967
84:b2:61:1f:b5:37,84:b2:61:1f:b5:32,0.991
84:b2:61:1f:b5:37,84:b2:61:1f:b5:38,0.983
84:b2:61:1f:b5:37,84:b2:61:1f:b5:3a,0.935
84:b2:61:1f:b5:37,84:b2:61:1f:b5:35,0.952
84:b2:61:1f:b5:31,84:b2:61:1f:b5:32,0.97
84:b2:61:1f:b5:31,84:b2:61:1f:b5:38,0.957
84:b2:61:1f:b5:31,84:b2:61:1f:b5:3a,0.911
84:b2:61:1f:b5:31,84:b2:61:1f:b5:35,0.957
84:b2:61:1f:b5:32,84:b2:61:1f:b5:38,0.972
84:b2:61:1f:b5:32,84:b2:61:1f:b5:3a,0.92
84:b2:61:1f:b5:32,84:b2:61:1f:b5:35,0.956
84:b2:61:1f:b5:38,84:b2:61:1f:b5:3a,0.949
84:b2:61:1f:b5:38,84:b2:61:1f:b5:35,0.941
e4:aa:5d:fd:3e:ed,e4:aa:5d:fd:3e:ee,0.977
84:b2:61:1f:b5:3d,84:b2:61:1f:b5:3e,0.999
ac:2a:a1:7f:6c:c7,ac:2a:a1:7f:6c:cd,1.0
ac:2a:a1:7f:6c:c7,ac:2a:a1:7f:6c:ca,1.0
ac:2a:a1:7f:6c:c7,ac:2a:a1:7f:6c:c8,1.0
ac:2a:a1:7f:6c:c7,ac:2a:a1:7f:6c:ce,1.0
ac:2a:a1:7f:6c:c7,ac:2a:a1:7f:6c:c5,1.0
ac:2a:a1:7f:6c:cd,ac:2a:a1:7f:6c:ca,1.0
ac:2a:a1:7f:6c:cd,ac:2a:a1:7f:6c:c8,1.0
ac:2a:a1:7f:6c:cd,ac:2a:a1:7f:6c:ce,1.0
ac:2a:a1:7f:6c:cd,ac:2a:a1:7f:6c:c5,1.0
ac:2a:a1:7f:6c:ca,ac:2a:a1:7f:6c:c8,1.0
ac:2a:a1:7f:6c:ca,ac:2a:a1:7f:6c:ce,1.0
ac:2a:a1:7f:6c:ca,ac:2a:a1:7f:6c:c5,1.0
ac:2a:a1:7f:6c:c8,ac:2a:a1:7f:6c:ce,1.0
ac:2a:a1:7f:6c:c8,ac:2a:a1:7f:6c:c5,1.0
ac:2a:a1:7f:6c:ce,ac:2a:a1:7f:6c:c5,1.0
