X,Y,AC:2A:A1:7E:DF:61,AC:2A:A1:7E:DF:62,AC:2A:A1:7E:DF:65,AC:2A:A1:7E:DF:67,AC:2A:A1:7E:DF:68,AC:2A:A1:7E:DF:6A,AC:2A:A1:7E:DF:6D,AC:2A:A1:7E:DF:6E,E4:AA:5D:BF:25:51,E4:AA:5D:BF:25:52,E4:AA:5D:BF:25:55,E4:AA:5D:BF:25:57,E4:AA:5D:BF:25:58,E4:AA:5D:BF:25:5A,E4:AA:5D:BF:25:5D,E4:AA:5D:BF:25:5E,E4:AA:5D:FD:3E:E1,E4:AA:5D:FD:3E:E2,E4:AA:5D:FD:3E:E5,E4:AA:5D:FD:3E:E7,E4:AA:5D:FD:3E:E8,E4:AA:5D:FD:3E:EA,F8:6B:D9:01:85:21,F8:6B:D9:01:85:22,F8:6B:D9:01:85:25,F8:6B:D9:01:85:27,F8:6B:D9:01:85:28,F8:6B:D9:01:85:2A,F8:6B:D9:01:85:2D,F8:6B:D9:01:85:2E,F8:6B:D9:01:8E:E1,F8:6B:D9:01:8E:E2,F8:6B:D9:01:8E:E5,F8:6B:D9:01:8E:E7,F8:6B:D9:01:8E:E8,F8:6B:D9:01:8E:EA,F8:6B:D9:01:8E:ED,F8:6B:D9:01:8E:EE,F8:6B:D9:01:93:61,F8:6B:D9:01:93:62,F8:6B:D9:01:93:65,F8:6B:D9:01:93:67,F8:6B:D9:01:93:68,F8:6B:D9:01:93:6A,F8:6B:D9:95:D8:81,F8:6B:D9:95:D8:82,F8:6B:D9:95:D8:85,F8:6B:D9:95:D8:87,F8:6B:D9:95:D8:88,F8:6B:D9:95:D8:8A,F8:6B:D9:95:D8:8D,F8:6B:D9:95:D8:8E
0.0,0.0,-75.5,-75.5,-73.5,-73.625,-73.625,-73.5,-71.5,-71.5,0.0,0.0,0.0,0.0,0.0,-93.0,0.0,0.0,0.0,0.0,0.0,0.0,0.0,-91.5,0.0,0.0,0.0,0.0,0.0,-92.5,0.0,0.0,-57.0,-57.0,-57.625,-55.625,-56.125,-55.875,-57.75,-57.75,0.0,0.0,0.0,0.0,0.0,0.0,-78.0,-81.5,-83.75,-81.75,-82.375,-81.875,-84.25,-84.25
0.0,1.0,-75.75,-75.75,-74.125,-74.5,-74.375,-74.375,-73.0,-73.0,-92.5,-92.5,0.0,0.0,-93.0,-92.5,0.0,0.0,0.0,-95.0,-94.0,-95.0,0.0,0.0,-90.0,-90.0,-91.5,-89.0,-90.0,-90.0,0.0,0.0,-60.0,-60.0,-59.375,-59.375,-61.875,-62.5,-60.75,-61.25,0.0,0.0,0.0,0.0,0.0,0.0,-81.5,-79.5,-82.25,-81.625,-81.5,-82.0,-84.5,-85.0
1.0,1.0,-74.9,-75.1,-74.25,-74.3,-74.325,-74.025,-74.3,-73.5,-91.9,-94.0,-91.1,-92.5,-92.1,-92.5,0.0,0.0,-92.5,-93.65,-93.5,-95.0,-91.5,-92.33333333333333,-91.5,-88.8,-90.15,-89.0,-89.6,-90.1,0.0,0.0,-57.85,-57.85,-58.45,-57.9,-57.9,-57.8,-58.8,-59.4,0.0,0.0,0.0,0.0,0.0,0.0,-75.9,-76.1,-80.0,-82.175,-81.1,-82.025,-84.0,-83.85
2.0,1.0,-76.5,-78.25,-76.75,-74.375,-74.625,-74.375,-70.5,-70.5,-93.0,-92.25,-93.0,-93.0,-93.0,-90.0,0.0,0.0,-87.5,-88.0,-89.0,-88.0,-88.0,-89.0,-91.5,-88.0,-90.5,-90.5,-87.5,-90.0,0.0,0.0,-56.0,-56.0,-57.375,-57.125,-57.125,-56.625,-57.75,-57.5,0.0,0.0,0.0,0.0,0.0,0.0,-79.0,-80.25,-80.125,-80.625,-80.875,-80.375,-82.25,-82.25
3.0,1.0,-80.5,-80.5,-74.25,-75.5,-76.0,-75.75,-69.0,-71.0,-89.0,-90.0,-89.0,-89.0,-89.0,-90.0,0.0,0.0,-87.5,-88.0,-89.0,-88.0,-88.0,-89.0,0.0,-90.5,0.0,0.0,-87.5,0.0,0.0,0.0,-60.75,-60.75,-58.875,-56.75,-57.0,-56.75,-59.0,-58.5,0.0,0.0,0.0,0.0,0.0,0.0,-80.0,-81.5,-85.25,-83.75,-84.0,-81.875,-85.25,-85.75
4.0,1.0,-70.3,-70.3,-70.52941176470588,-70.35,-70.4,-70.35,-70.5,-70.0,-94.0,-94.0,-93.3,-94.0,-94.0,0.0,0.0,0.0,-89.0,-90.0,0.0,0.0,-92.5,-89.0,-90.0,-89.0,-90.0,-89.0,-90.0,-89.71428571428571,0.0,0.0,-58.15,-58.65,-58.80555555555556,-59.69444444444444,-59.25,-59.125,-61.55,-61.35,0.0,0.0,0.0,0.0,0.0,0.0,-80.8,-77.8,-80.86666666666666,-81.725,-81.475,-82.025,-83.55,-83.15
4.0,0.0,-77.0,-79.0,-75.0,-74.375,-75.5,-74.625,-72.0,-72.0,0.0,0.0,-93.0,-94.0,-94.0,0.0,0.0,0.0,0.0,0.0,0.0,0.0,-90.5,-94.0,-90.0,-89.0,-91.5,-89.0,-90.0,-89.0,0.0,0.0,-57.5,-60.0,-65.0,-62.875,-63.0,-62.0,-59.5,-59.5,0.0,0.0,0.0,0.0,0.0,0.0,-74.0,-74.5,-78.375,-80.625,-80.625,-80.25,-83.0,-82.75
3.0,0.0,-80.0,-80.0,-76.5,-75.375,-75.375,-75.125,-70.75,-70.75,0.0,0.0,-93.0,-94.0,-94.0,0.0,0.0,0.0,0.0,0.0,0.0,0.0,-91.0,-94.0,-90.0,-89.0,-91.5,-89.0,-90.0,-89.0,0.0,0.0,-61.0,-61.0,-59.75,-60.875,-60.375,-62.625,-59.25,-59.25,0.0,0.0,0.0,0.0,0.0,0.0,-74.0,-74.0,-79.0,-82.25,-81.875,-81.625,-84.0,-85.25
2.0,0.0,-74.0,-74.0,-74.375,-74.25,-74.625,-74.375,-75.25,-74.5,-90.0,-92.75,-95.0,-94.0,-92.5,-92.25,0.0,0.0,0.0,-89.0,-91.5,0.0,-90.0,0.0,-91.5,-90.5,-90.0,-93.0,0.0,0.0,0.0,0.0,-57.5,-60.5,-60.125,-60.125,-59.875,-61.5,-60.0,-60.0,0.0,0.0,0.0,0.0,0.0,0.0,-79.5,-80.75,-83.375,-84.625,-82.75,-82.75,-85.5,-85.5
1.0,0.0,-73.0,-73.0,-73.625,-73.125,-73.625,-73.625,-73.75,-73.25,-89.0,-91.5,-95.0,-90.0,-90.0,-89.0,0.0,0.0,-90.5,-90.5,-91.5,0.0,-90.0,-90.5,-90.0,-90.5,-90.0,-93.0,0.0,0.0,0.0,0.0,-59.5,-60.25,-59.75,-59.25,-59.75,-59.0,-59.0,-58.5,0.0,0.0,0.0,0.0,0.0,0.0,-78.0,-78.0,-81.75,-80.375,-80.5,-80.875,-84.5,-84.0
-1.0,2.0,-73.0,-73.0,-71.0,-71.875,-72.875,-71.625,-70.25,-70.25,-92.5,-92.5,-91.5,-92.5,-91.5,-89.0,0.0,0.0,-85.0,-90.5,-85.0,-85.0,-90.0,-90.5,-89.0,-89.0,-90.0,-89.0,0.0,0.0,0.0,0.0,-61.5,-61.0,-59.75,-59.75,-60.5,-59.0,-57.25,-57.25,0.0,0.0,0.0,0.0,0.0,0.0,-78.0,-75.5,-82.125,-81.5,-80.16666666666667,-82.125,-82.5,-85.0
0.0,2.0,-69.5,-69.6,-70.375,-72.1,-72.125,-72.0,-73.8,-73.8,-91.5,-92.5,-94.0,-94.0,-92.5,0.0,0.0,0.0,-90.5,-91.5,-86.65,-91.5,-91.5,-91.5,-88.25,-89.3,-90.0,-89.0,0.0,0.0,0.0,0.0,-63.0,-60.5,-59.5,-58.875,-58.625,-58.325,-57.0,-56.5,0.0,0.0,0.0,0.0,0.0,0.0,-78.5,-74.75,-81.23529411764706,-81.75,-81.75,-84.025,-87.3,-86.7
1.0,2.0,-72.5,-72.5,-72.0,-72.25,-72.25,-72.25,-72.0,-72.0,-90.25,-88.0,-90.25,-90.25,-90.25,-90.0,0.0,0.0,-86.5,0.0,-89.0,-90.0,0.0,-90.5,-91.5,-90.0,-88.0,-89.0,-89.75,-89.25,0.0,0.0,-50.75,-50.75,-55.625,-55.0,-55.0,-51.25,-52.5,-52.5,0.0,0.0,0.0,0.0,0.0,0.0,-81.5,-81.5,-83.25,-83.25,-83.25,-81.875,-84.0,-84.75
2.0,2.0,-71.25,-71.5,-71.34210526315789,-70.975,-71.225,-71.05,-68.0,-68.0,-89.0,-89.0,-89.0,-89.0,-89.0,-89.0,0.0,0.0,-89.0,-88.0,-89.0,-89.0,-88.0,-89.0,-91.4,-91.5,-91.5,-91.5,-91.5,-90.25,0.0,0.0,-53.25,-52.75,-55.0,-54.666666666666664,-54.93333333333333,-52.625,-54.15,-53.35,0.0,0.0,0.0,0.0,0.0,0.0,-79.1,-79.1,-81.90625,-83.175,-83.0,-82.95,-87.3,-86.9
3.0,2.0,-72.5,-73.0,-71.0,-71.875,-71.875,-72.125,-70.0,-71.25,-88.0,-88.0,-87.5,-88.0,-88.0,-88.0,0.0,0.0,0.0,0.0,-92.5,-91.5,-92.5,-92.5,-89.0,-89.0,-88.0,-90.0,-90.5,-91.5,0.0,0.0,-52.0,-50.75,-54.75,-54.125,-54.125,-56.125,-57.75,-57.25,0.0,0.0,0.0,0.0,0.0,0.0,-80.0,-76.5,-85.5,-84.0,-87.5,-83.625,-87.5,-87.0
4.0,2.0,-75.5,-75.5,-72.25,-72.25,-72.0,-73.5,-69.0,-68.5,-93.0,-94.0,-91.5,-94.0,-92.5,-92.5,0.0,0.0,-86.5,0.0,-92.5,0.0,-92.5,-89.5,-89.0,-89.0,-88.0,-91.5,-91.5,0.0,0.0,0.0,-52.5,-52.5,-55.25,-56.5,-56.5,-56.25,-56.5,-56.0,0.0,0.0,0.0,0.0,0.0,0.0,-79.0,-79.0,-83.0,-82.375,-82.375,-83.125,-86.25,-85.75
4.0,3.0,-76.5,-76.5,-72.25,-72.25,-72.25,-72.75,-68.0,-68.0,-91.5,-90.9,-90.9,-91.8,-91.5,-91.5,0.0,0.0,-86.5,0.0,-91.5,-91.5,0.0,-86.5,0.0,0.0,0.0,-93.0,-91.5,0.0,0.0,0.0,-51.0,-50.6,-55.1875,-54.0,-54.0,-54.0,-58.4,-57.4,0.0,0.0,0.0,0.0,0.0,0.0,-76.5,-78.5,-77.9,-80.75,-80.9375,-82.25,-85.0,-88.0
3.0,3.0,-76.2,-76.2,-72.95,-73.05,-73.35,-73.35,-70.5,-69.9,-90.5,-90.5,-91.0,-90.5,-90.5,-91.5,0.0,0.0,-91.5,0.0,-91.5,-90.0,0.0,-91.5,0.0,0.0,0.0,0.0,0.0,0.0,0.0,0.0,-50.0,-50.0,-53.8,-54.0,-54.0,-54.0,-58.0,-57.8,0.0,0.0,0.0,0.0,0.0,0.0,-76.5,-80.6,-82.25,-83.45,-83.3,-83.2,-84.2,-85.3
2.0,3.0,-75.0,-75.0,-71.75,-71.95,-72.2,-72.2,-68.9,-68.9,-94.75,-92.85,-95.0,-94.75,-93.65,-94.0,0.0,0.0,0.0,-89.5,-88.9,-89.0,-89.75,-89.8,-90.5,-90.5,0.0,0.0,-88.0,0.0,0.0,0.0,-50.0,-50.0,-50.75,-50.8,-50.8,-50.8,-51.6,-51.6,0.0,0.0,0.0,-93.0,-93.0,0.0,-78.0,-78.0,-83.35,-83.975,-83.575,-83.825,-86.35,-86.9
1.0,3.0,-74.8,-74.8,-71.675,-71.675,-71.85,-71.9,-68.55,-68.55,-87.95,-88.5,-88.35,-88.4,-88.1,-89.5,0.0,0.0,-90.0,-87.7,-89.0,-87.95,-88.5,-88.5,-90.25,-90.0,0.0,-87.5,-88.0,-87.5,0.0,0.0,-50.0,-50.0,-60.425,-60.275,-59.925,-59.675,-56.5,-56.3,0.0,0.0,0.0,-93.0,-93.0,0.0,-81.3,-81.05,-83.3,-83.0,-83.5,-81.85,-85.5,-86.5
0.0,3.0,-75.5,-75.0,-71.875,-71.75,-72.0,-72.0,-68.0,-68.0,-90.5,-89.0,-90.0,-92.0,-90.0,-85.5,0.0,0.0,-86.5,-91.5,-91.5,-85.5,-92.25,-88.5,-89.0,0.0,0.0,-91.5,0.0,-91.5,0.0,0.0,-58.5,-58.5,-59.125,-59.875,-59.75,-59.75,-59.25,-59.25,0.0,0.0,0.0,0.0,0.0,0.0,-80.5,-79.5,-82.125,-84.125,-81.875,-82.25,-84.0,-87.75
-1.0,3.0,-76.0,-75.75,-71.875,-71.875,-72.25,-72.75,-68.5,-68.5,-89.5,-91.25,-89.0,-89.5,-90.75,-90.0,0.0,0.0,-86.5,-91.5,-91.5,-85.5,-91.5,-89.75,-88.25,0.0,0.0,-91.5,0.0,-91.5,0.0,0.0,-58.0,-58.0,-58.625,-60.125,-60.0,-60.0,-59.75,-59.75,0.0,0.0,0.0,0.0,0.0,0.0,-81.5,-80.0,-82.75,-82.25,-82.75,-82.5,-88.0,-88.0
-1.0,4.0,-76.5,-76.5,-69.83333333333333,-69.83333333333333,-69.83333333333333,-70.16666666666667,-66.5,-66.5,-89.0,-90.0,-89.0,-90.0,-90.0,-87.5,0.0,0.0,-89.0,-89.0,-89.0,-89.0,-89.0,-88.0,-86.5,-86.5,0.0,-86.5,-84.0,-85.5,0.0,0.0,-63.5,-63.0,-62.0,-60.833333333333336,-60.166666666666664,-60.5,-60.0,-60.5,0.0,0.0,0.0,0.0,0.0,0.0,-78.5,-78.0,-81.16666666666667,-83.625,-80.83333333333333,-83.25,-86.5,-89.0
0.0,4.0,-77.0,-77.0,-72.5,-72.4,-72.7,-72.4,-67.8,-67.8,-89.6,-89.6,-89.6,-87.1,-89.6,-90.0,0.0,0.0,-88.0,0.0,0.0,-89.0,0.0,-88.0,0.0,0.0,-89.0,0.0,0.0,0.0,0.0,0.0,-63.0,-63.0,-57.25,-56.95,-56.95,-56.65,-58.5,-57.6,-95.0,-95.0,0.0,0.0,0.0,0.0,-82.1,-81.5,-83.5,-82.85,-84.5,-83.3125,-86.5,-86.5
1.0,4.0,-73.0,-73.0,-70.25,-70.75,-70.75,-70.375,-67.0,-67.0,-86.5,-85.5,-85.5,-86.5,-86.5,-89.0,0.0,0.0,-88.0,-87.5,-91.5,-91.5,-90.5,-87.5,0.0,0.0,-89.0,0.0,0.0,0.0,0.0,0.0,-57.25,-57.25,-57.5,-59.25,-60.5,-60.0,-59.5,-59.5,-95.0,-95.0,0.0,0.0,0.0,0.0,-80.5,-81.5,-81.75,-82.75,-82.125,-81.75,-87.5,-86.5
2.0,4.0,-71.5,-70.5,-69.5,-69.75,-69.625,-69.25,-68.0,-67.5,-90.0,-90.5,-92.5,-90.0,-91.5,-89.0,0.0,0.0,-89.0,-87.5,-91.5,-90.0,-90.5,-87.5,0.0,0.0,-89.0,0.0,0.0,0.0,0.0,0.0,-56.5,-56.5,-56.875,-56.75,-56.875,-58.0,-57.0,-56.5,-95.0,-95.0,0.0,0.0,0.0,0.0,-80.5,-81.5,-80.5,-83.625,-83.0,-82.5,-87.5,-86.5
3.0,4.0,-73.5,-73.5,-72.0,-71.125,-70.5,-70.625,-68.25,-68.5,-90.0,-90.5,-94.0,-93.75,-91.5,0.0,0.0,0.0,-89.5,-87.5,0.0,-89.5,-90.5,-88.0,0.0,0.0,0.0,0.0,0.0,0.0,0.0,0.0,-52.5,-51.5,-54.5,-55.375,-55.375,-55.375,-56.5,-56.5,0.0,0.0,0.0,0.0,0.0,0.0,-80.5,-80.5,-80.5,-79.0,-79.0,-80.0,0.0,0.0
4.0,4.0,-75.05,-75.4,-72.55,-72.975,-73.525,-73.625,-71.05,-70.85,0.0,-93.0,-92.75,-92.5,-90.5,-93.0,0.0,0.0,-90.0,-90.0,-89.7,-89.0,-88.6,-88.0,0.0,0.0,0.0,0.0,0.0,0.0,0.0,0.0,-53.9,-53.4,-55.45,-55.875,-56.0,-55.0,-56.75,-56.75,0.0,0.0,0.0,0.0,0.0,0.0,-80.8,-80.5,-86.1875,-79.45,-80.25,-83.03846153846153,-88.0,0.0
4.0,5.0,-70.0,-70.0,-69.0,-68.625,-68.375,-68.375,-66.75,-66.75,-93.75,-91.5,-91.5,-91.5,-90.25,-91.5,0.0,0.0,-90.5,-90.5,-89.0,-90.5,-90.0,-90.5,0.0,-94.0,0.0,0.0,0.0,0.0,0.0,0.0,-57.0,-57.5,-58.875,-55.0,-55.125,-55.125,-57.75,-57.75,0.0,0.0,0.0,0.0,0.0,0.0,-82.5,-82.5,-81.5,-85.125,-85.125,-84.625,-90.0,-89.0
3.0,5.0,-73.0,-72.5,-67.75,-67.775,-67.575,-68.075,-63.25,-63.25,-88.5,-87.7,-88.4,-88.0,-88.45,-88.0,0.0,0.0,-92.5,-88.0,-89.0,-88.45,-88.0,-87.5,0.0,0.0,-90.5,-90.5,-90.5,0.0,0.0,0.0,-51.85,-51.85,-55.425,-54.6,-54.175,-54.675,-57.25,-56.85,0.0,0.0,0.0,0.0,0.0,0.0,0.0,0.0,-83.0,-82.5,-83.0,-83.8,0.0,0.0
2.0,5.0,-70.5,-70.0,-67.75,-67.75,-67.75,-67.75,-65.0,-65.0,-93.0,-89.0,-86.5,-89.0,-89.0,-86.25,0.0,0.0,-90.5,-90.5,-89.75,-90.5,-89.75,-90.5,-90.5,-91.5,-92.5,-90.5,-90.5,0.0,0.0,0.0,-57.75,-57.75,-57.0,-57.0,-57.125,-54.125,-57.75,-57.75,0.0,0.0,0.0,0.0,0.0,0.0,-84.0,-84.0,-85.0,-82.5,-82.75,-83.75,0.0,0.0
1.0,5.0,-69.75,-69.75,-67.375,-67.5,-67.375,-67.25,-64.25,-64.25,-85.75,-86.0,-84.5,-85.0,-85.0,-87.0,0.0,0.0,-91.5,-89.0,-85.0,-90.5,-85.5,-90.5,-90.5,-91.5,-91.5,-92.5,-91.5,-92.5,0.0,0.0,-60.75,-60.75,-58.375,-57.5,-57.5,-55.5,-55.25,-56.5,0.0,0.0,0.0,0.0,0.0,0.0,-84.0,-84.0,-85.0,-82.5,-80.5,-82.75,0.0,0.0
0.0,5.0,-68.5,-68.5,-66.375,-66.25,-66.125,-66.125,-64.0,-63.75,-87.25,-87.75,-88.16666666666667,-86.75,-88.16666666666667,-85.0,-89.0,0.0,-89.0,-89.0,-85.0,-90.0,-85.5,-90.5,-90.5,-91.5,-91.5,-92.5,-91.5,-92.5,0.0,0.0,-61.5,-61.5,-59.625,-59.875,-59.875,-59.125,-57.75,-58.25,0.0,0.0,0.0,-92.5,0.0,0.0,-84.75,-84.5,-85.0,-83.75,-80.0,-80.0,0.0,0.0
-1.0,5.0,-69.0,-69.0,-69.0,-69.25,-69.0,-69.375,-69.5,-69.0,-90.75,-91.5,-92.5,-91.5,-90.5,0.0,0.0,0.0,-90.75,-90.5,-92.5,-90.0,0.0,-90.5,0.0,-89.0,-90.5,-90.0,-91.5,-90.5,0.0,0.0,-60.0,-60.5,-59.666666666666664,-59.25,-59.5,-59.25,-59.75,-59.75,0.0,0.0,0.0,0.0,0.0,0.0,-82.0,-82.0,0.0,-88.0,0.0,0.0,-90.0,-88.0
-1.0,6.0,-62.75,-62.75,-63.875,-61.625,-62.75,-62.75,-60.5,-60.5,-83.5,-83.25,-84.125,-84.25,-83.375,-83.875,-85.0,-84.0,-83.0,-83.25,-84.0,-84.0,-83.25,-83.0,-89.0,-90.0,-87.5,-88.0,-87.375,-87.66666666666667,0.0,-87.5,-59.75,-59.75,-59.75,-59.25,-59.625,-63.5,-61.0,-61.25,-91.5,-91.5,-91.5,-90.5,-90.5,-90.5,-80.5,-80.5,-83.5,-84.5,-86.0,-84.75,0.0,-87.5
0.0,6.0,-66.5,-66.5,-63.833333333333336,-62.666666666666664,-62.666666666666664,-62.666666666666664,-62.5,-60.75,-86.5,-86.75,-86.375,-86.0,-85.75,-85.75,0.0,-86.5,-83.5,-81.5,-84.0,-83.0,0.0,-81.5,-89.0,-88.0,-90.16666666666667,-86.25,-86.75,-86.25,-87.5,-88.0,-60.75,-60.75,-61.0,-60.166666666666664,-60.166666666666664,-60.333333333333336,-59.0,-59.0,-90.5,-91.5,-94.0,-93.0,-90.5,-95.0,-81.5,-80.5,-84.25,-83.75,-83.125,-83.0,-86.5,-86.5
1.0,6.0,-68.0,-68.0,-65.375,-65.125,-65.375,-65.375,-62.5,-62.5,-86.5,-85.25,-85.25,-86.0,-85.66666666666667,-85.33333333333333,-86.5,-86.5,-86.5,-89.0,-90.75,-86.5,-90.5,-88.0,-86.5,-87.5,-87.33333333333333,-87.75,-86.75,-86.25,-87.5,-88.0,-58.0,-58.0,-58.75,-58.875,-57.5,-57.75,-59.0,-59.5,0.0,0.0,-94.0,-93.0,-90.5,-95.0,-80.25,-80.5,-81.0,-81.16666666666667,-80.66666666666667,-81.0,-86.5,-86.5
2.0,6.0,-66.5,-66.5,-64.375,-64.625,-66.125,-66.125,-63.25,-62.75,-88.0,-89.0,-89.0,-91.0,-87.5,-89.0,0.0,0.0,-86.5,0.0,-90.5,-86.5,-91.5,-85.5,-87.5,-87.5,-89.75,-88.0,-88.0,-87.75,0.0,0.0,-56.75,-55.5,-57.625,-57.5,-57.375,-57.125,-59.25,-59.75,0.0,0.0,0.0,0.0,0.0,0.0,-80.75,-81.0,-81.0,-81.5,-81.0,-83.0,0.0,0.0
3.0,6.0,-68.0,-69.25,-68.125,-68.575,-69.05,-68.825,-68.4,-68.4,-87.0,-87.5,-88.5,-87.75,-87.75,-89.5,0.0,0.0,-87.5,-87.25,-87.5,-88.0,-87.75,-84.0,-89.0,-89.0,-90.5,-91.5,-90.5,-90.0,0.0,0.0,-56.65,0.0,-59.63333333333333,-59.5,-58.8,-59.1,-59.6,-59.2,0.0,0.0,0.0,0.0,0.0,0.0,-81.65,-81.85,-80.6,-81.35,-81.35,-82.55,0.0,0.0
4.0,6.0,-67.5,-67.5,-66.95833333333333,-68.41666666666667,-68.41666666666667,-68.41666666666667,-68.75,-68.6,-91.2,-90.9,-90.1,-91.2,-90.4,-90.15,0.0,0.0,-87.9,-86.5,-87.65,-88.0,-87.5,-86.5,-90.0,-90.8,-90.9,-92.5,-91.5,-91.5,0.0,0.0,-52.6,-50.0,-55.425,-55.4,-55.325,-55.25,-57.5,-58.0,0.0,0.0,0.0,0.0,0.0,0.0,-82.5,-82.5,-83.4,-83.95,-82.5,-83.7,0.0,0.0
4.0,7.0,-70.5,0.0,-69.75,-68.33333333333333,-68.83333333333333,-68.66666666666667,-67.25,-67.25,-92.0,-90.25,-92.0,-89.0,-90.75,0.0,0.0,0.0,-86.75,0.0,-89.0,-86.75,0.0,-87.25,0.0,0.0,-88.33333333333333,-88.0,-88.0,-88.0,0.0,0.0,-57.25,-58.0,-59.125,-61.25,-60.5,-60.5,-61.25,-60.25,0.0,0.0,0.0,0.0,0.0,0.0,-81.0,-81.0,-81.0,-79.5,-80.0,-80.0,0.0,0.0
3.0,7.0,-72.5,-71.5,-72.5,-70.375,-69.625,-69.625,-67.75,-67.75,-91.5,-94.0,-89.0,-91.5,-89.0,-91.5,0.0,0.0,-85.5,-93.0,0.0,-85.5,0.0,-90.5,0.0,-88.0,-88.0,-88.0,-88.0,-88.0,0.0,0.0,-54.75,-54.75,-58.625,-59.25,-59.125,-59.5,-59.75,-59.75,0.0,0.0,0.0,0.0,0.0,0.0,-82.5,-82.5,-81.5,-81.25,-82.5,-82.0,0.0,0.0
2.0,7.0,-72.5,-71.5,-72.5,-66.33333333333333,-67.66666666666667,-65.83333333333333,-62.75,-62.75,-90.5,-92.5,-90.5,-90.0,-91.5,-92.5,0.0,0.0,-86.0,-86.0,-86.5,-86.5,-90.0,-89.0,0.0,-88.0,-92.66666666666667,-90.66666666666667,-88.0,-88.0,0.0,0.0,-64.0,-64.0,-56.5,-58.5,-58.5,-57.0,-58.5,-59.0,0.0,0.0,0.0,0.0,0.0,0.0,-82.5,-82.5,-82.75,-82.5,-82.75,-83.0,0.0,0.0
1.0,7.0,-67.5,-67.5,-65.0,-65.125,-65.375,-65.125,-62.75,-62.75,-88.5,-89.5,-89.25,-87.75,-89.0,-92.5,0.0,0.0,-86.0,-86.5,-86.5,-86.5,-90.0,-86.5,-90.5,-91.5,-89.75,-89.25,-88.33333333333333,-88.33333333333333,-90.0,-90.0,-63.5,-68.0,-59.0,-60.5,-59.75,-60.0,-59.5,-59.5,0.0,0.0,0.0,0.0,0.0,0.0,-81.5,-81.5,-81.5,-81.0,-82.75,-83.0,0.0,0.0
0.0,7.0,-67.5,-67.5,-65.0,-65.0,-65.0,-65.125,-62.5,-62.5,-82.75,-83.0,-82.75,-82.75,-83.25,-84.0,0.0,0.0,-86.5,-86.5,-85.75,-86.5,-85.0,-86.5,-90.5,-91.5,-87.0,-88.66666666666667,-87.25,-87.25,-88.25,-88.75,-58.0,-58.25,-60.833333333333336,-60.875,-60.25,-60.25,-60.25,-60.5,0.0,0.0,0.0,0.0,0.0,0.0,-80.25,-80.5,-82.5,-81.5,-81.5,-82.5,0.0,0.0
-1.0,7.0,-67.75,-67.0,-63.0,-63.375,-63.625,-63.5,-59.0,-58.75,-82.0,-82.5,-82.75,-82.25,-82.0,-82.5,0.0,0.0,-82.5,-83.75,-83.75,-82.5,-83.25,-87.5,-85.5,-86.5,-86.5,-84.0,-84.25,-82.75,-82.25,-82.25,-63.0,-61.5,-62.125,-62.375,-62.375,-62.375,-62.75,-63.25,0.0,-92.5,0.0,0.0,0.0,0.0,-81.5,-81.5,-79.0,-80.0,-79.0,-89.0,0.0,0.0
